iter	Logloss
0	0.6923914892
1	0.6918342344
2	0.6917843497
3	0.6909957285
4	0.6905264853
5	0.6894093655
6	0.6885487406
7	0.6882442736
8	0.6876159146
9	0.6874863289
